{
  "homeInfo": {
    "title": "productsList",
    "href": "page/table.html"
  },
  "logoInfo": {
    "title": "AdminT",
    "image": "images/logo.png",
    "href": ""
  },
  "menuInfo": [
    {
      "title": "manage",
      "icon": "fa fa-address-book",
      "href": "",
      "target": "_self",
      "child": [
        {
          "title": "productsList",
          "href": "page/table.html",
          "icon": "fa fa-file-text",
          "target": "_self"
        },
        {
          "title": "userList",
          "href": "page/user.html",
          "icon": "fa fa-file-text",
          "target": "_self"
        }
      ]
    }
  ]
}