{
  "code": 0,
  "msg": "",
  "count": 19,
  "data": [
    {
      "authorityId": 1,
      "authorityName": "System Management",
      "orderNumber": 1,
      "menuUrl": null,
      "menuIcon": "layui-icon-set",
      "createTime": "2018/06/29 11:05:41",
      "authority": null,
      "checked": 0,
      "updateTime": "2018/07/13 09:13:42",
      "isMenu": 0,
      "parentId": -1
    },
    {
      "authorityId": 2,
      "authorityName": "User Management",
      "orderNumber": 2,
      "menuUrl": "system/user",
      "menuIcon": null,
      "createTime": "2018/06/29 11:05:41",
      "authority": null,
      "checked": 0,
      "updateTime": "2018/07/13 09:13:42",
      "isMenu": 0,
      "parentId": 1
    },
    {
      "authorityId": 3,
      "authorityName": "Query users",
      "orderNumber": 3,
      "menuUrl": "",
      "menuIcon": "",
      "createTime": "2018/07/21 13:54:16",
      "authority": "user:view",
      "checked": 0,
      "updateTime": "2018/07/21 13:54:16",
      "isMenu": 1,
      "parentId": 2
    },
    {
      "authorityId": 4,
      "authorityName": "Add user",
      "orderNumber": 4,
      "menuUrl": null,
      "menuIcon": null,
      "createTime": "2018/06/29 11:05:41",
      "authority": "user:add",
      "checked": 0,
      "updateTime": "2018/07/13 09:13:42",
      "isMenu": 1,
      "parentId": 2
    },
    {
      "authorityId": 5,
      "authorityName": "modify user",
      "orderNumber": 5,
      "menuUrl": null,
      "menuIcon": null,
      "createTime": "2018/06/29 11:05:41",
      "authority": "user:edit",
      "checked": 0,
      "updateTime": "2018/07/13 09:13:42",
      "isMenu": 1,
      "parentId": 2
    },
    {
      "authorityId": 6,
      "authorityName": "\ndelete users",
      "orderNumber": 6,
      "menuUrl": null,
      "menuIcon": null,
      "createTime": "2018/06/29 11:05:41",
      "authority": "user:delete",
      "checked": 0,
      "updateTime": "2018/07/13 09:13:42",
      "isMenu": 1,
      "parentId": 2
    },
    {
      "authorityId": 7,
      "authorityName": "role management",
      "orderNumber": 7,
      "menuUrl": "system/role",
      "menuIcon": null,
      "createTime": "2018/06/29 11:05:41",
      "authority": null,
      "checked": 0,
      "updateTime": "2018/07/13 09:13:42",
      "isMenu": 0,
      "parentId": 1
    },
    {
      "authorityId": 8,
      "authorityName": "query role",
      "orderNumber": 8,
      "menuUrl": "",
      "menuIcon": "",
      "createTime": "2018/07/21 13:54:59",
      "authority": "role:view",
      "checked": 0,
      "updateTime": "2018/07/21 13:54:58",
      "isMenu": 1,
      "parentId": 7
    },
    {
      "authorityId": 9,
      "authorityName": "add role",
      "orderNumber": 9,
      "menuUrl": "",
      "menuIcon": "",
      "createTime": "2018/06/29 11:05:41",
      "authority": "role:add",
      "checked": 0,
      "updateTime": "2018/07/13 09:13:42",
      "isMenu": 1,
      "parentId": 7
    },
    {
      "authorityId": 10,
      "authorityName": "modify role",
      "orderNumber": 10,
      "menuUrl": "",
      "menuIcon": "",
      "createTime": "2018/06/29 11:05:41",
      "authority": "role:edit",
      "checked": 0,
      "updateTime": "2018/07/13 09:13:42",
      "isMenu": 1,
      "parentId": 7
    },
    {
      "authorityId": 11,
      "authorityName": "delete role",
      "orderNumber": 11,
      "menuUrl": "",
      "menuIcon": "",
      "createTime": "2018/06/29 11:05:41",
      "authority": "role:delete",
      "checked": 0,
      "updateTime": "2018/07/13 09:13:42",
      "isMenu": 1,
      "parentId": 7
    },
    {
      "authorityId": 12,
      "authorityName": "Role permission management",
      "orderNumber": 12,
      "menuUrl": "",
      "menuIcon": "",
      "createTime": "2018/06/29 11:05:41",
      "authority": "role:auth",
      "checked": 0,
      "updateTime": "2018/07/13 15:27:18",
      "isMenu": 1,
      "parentId": 7
    },
    {
      "authorityId": 13,
      "authorityName": "authority management",
      "orderNumber": 13,
      "menuUrl": "system/authorities",
      "menuIcon": null,
      "createTime": "2018/06/29 11:05:41",
      "authority": null,
      "checked": 0,
      "updateTime": "2018/07/13 15:45:13",
      "isMenu": 0,
      "parentId": 1
    },
    {
      "authorityId": 14,
      "authorityName": "Query permission",
      "orderNumber": 14,
      "menuUrl": "",
      "menuIcon": "",
      "createTime": "2018/07/21 13:55:57",
      "authority": "authorities:view",
      "checked": 0,
      "updateTime": "2018/07/21 13:55:56",
      "isMenu": 1,
      "parentId": 13
    },
    {
      "authorityId": 15,
      "authorityName": "Add permissions",
      "orderNumber": 15,
      "menuUrl": "",
      "menuIcon": "",
      "createTime": "2018/06/29 11:05:41",
      "authority": "authorities:add",
      "checked": 0,
      "updateTime": "2018/06/29 11:05:41",
      "isMenu": 1,
      "parentId": 13
    },
    {
      "authorityId": 16,
      "authorityName": "Modify permissions",
      "orderNumber": 16,
      "menuUrl": "",
      "menuIcon": "",
      "createTime": "2018/07/13 09:13:42",
      "authority": "authorities:edit",
      "checked": 0,
      "updateTime": "2018/07/13 09:13:42",
      "isMenu": 1,
      "parentId": 13
    },
    {
      "authorityId": 17,
      "authorityName": "delete permissions",
      "orderNumber": 17,
      "menuUrl": "",
      "menuIcon": "",
      "createTime": "2018/06/29 11:05:41",
      "authority": "authorities:delete",
      "checked": 0,
      "updateTime": "2018/06/29 11:05:41",
      "isMenu": 1,
      "parentId": 13
    },
    {
      "authorityId": 18,
      "authorityName": "\nlogin log",
      "orderNumber": 18,
      "menuUrl": "system/loginRecord",
      "menuIcon": null,
      "createTime": "2018/06/29 11:05:41",
      "authority": null,
      "checked": 0,
      "updateTime": "2018/06/29 11:05:41",
      "isMenu": 0,
      "parentId": 1
    },
    {
      "authorityId": 19,
      "authorityName": "Query login log",
      "orderNumber": 19,
      "menuUrl": "",
      "menuIcon": "",
      "createTime": "2018/07/21 13:56:43",
      "authority": "loginRecord:view",
      "checked": 0,
      "updateTime": "2018/07/21 13:56:43",
      "isMenu": 1,
      "parentId": 18
    }
  ]
}